"RemID","UserID","PigID","FarmID","Date","Task","Notes"
"R001","U017","P003","F001","27/11/2025","Buy feed","Check corn stock"
"R002","U017","P003","F002","27/11/2025","Vet check","Vaccination due"
"R003","U017","P003","F002","27/11/2025","Clean pen","Remove old bedding"
"R004","U017","P003","F002","27/11/2025","Feed pigs","Mix feed properly"
"R005","U017","P041","F004","17/12/2025","Buy niggar","sdaseasdw"
"R006","U017","P038","F003","9/12/2025","dwada","dawdawd"
"R007","U017","P041","F004","4/12/2025","awdaw","dwadwad"
"R009","U017","P022","F003","3/12/2025","dasda","dasda"
"R013","U017","P022","F003","11/12/2025","wdwa","dawdawd"
"R014","U017","P041","F004","31/12/2025","dawda","adwdawd"
"R015","U017","P041","F004","6/12/2025","pasok","dadda"
"R017","U017","P041","F004","5/12/2025","buy nigga","nothing"
"R018","U021","P048","F007","4/12/2025","Buy Feeds","buy feeds for this pig"
"R019","U022","P052","F008","4/12/2025","Patambal sa baboy","dwdaw"
"R020","U022","P053","F008","7/12/2025","Booster","Booster"
"R021","U022","P053","F008","8/12/2025","MLV","MLV"
"R022","U022","P053","F008","8/12/2025","Booster","Booster"
"R023","U022","P053","F008","10/12/2025","Booster","Booster"
"R024","U022","P053","F008","9/12/2025","Booster","Booster"
"R025","U022","P053","F008","8/12/2025","MLV","MLV"
"R026","U022","P053","F008","8/12/2025","Booster","Booster"
"R027","U022","P053","F008","9/12/2025","MLV","MLV"
"R028","U022","P053","F008","5/12/2025","MLV","MLV"
"R029","U020","P045","F006","8/12/2025","Booster","Booster"
"R030","U025","P057","F010","10/12/2025","Booster","Booster"
"R031","U025","P058","F010","8/12/2025","Buy feeds","Buy feeds"
